<?xml version="1.0" encoding="UTF-8" standalone="yes"?>
<addon id="metadata.tvshows.anidb.net.mod"
       name="AniDB.net [MOD]"
       version="2.2.0"
       provider-name="scudlee">
  <requires>
    <import addon="xbmc.metadata" version="2.1.0"/>
    <import addon="metadata.common.anidb.net" version="1.0.0"/>
  </requires>
  <extension point="xbmc.metadata.scraper.tvshows"
             language="en"
             library="anidb.xml"
             cachepersistence="48:00"/>
  <extension point="xbmc.addon.metadata">
    <summary lang="en">AniDB.net TV Show scraper [MOD]</summary>
    <description lang="en">Download anime show information from AniDB.net</description>
    <platform>all</platform>
  </extension>
</addon>
