<?xml version="1.0" encoding="utf-8"?>
<scraper framework="1.1" date="2011-04-18">

  <CreateSearchUrl clearbuffers="no" dest="4">  
    <RegExp conditional="Google" input="$$4" output="&lt;url gzip=&quot;yes&quot;&gt;http://www.google.com/search?q=site:anidb.net\1&amp;filter=0&lt;/url&gt;" dest="4">
      <RegExp input="$$1%20$$2" output="+\1" dest="4">
        <expression clear="yes" repeat="yes">(?i)(?:%[a-f0-9]{2}|[!.()-])*([a-z0-9]+)?</expression>
      </RegExp>
      <expression clear="yes" noclean="1"/>
    </RegExp> 
    <RegExp conditional="!Google" input="$$1" output="&lt;url gzip=&quot;yes&quot; cache=&quot;animetitles.xml&quot;&gt;$INFO[AnimeTitlesUrl]&lt;/url&gt;" dest="4">
      <RegExp input="$$1" output="\1" dest="18">
        <expression clear="yes"/>
      </RegExp>
      <expression clear="yes"/>
    </RegExp>
    <RegExp input="" output="" dest="1">
      <expression clear="yes"/>
    </RegExp>
  </CreateSearchUrl>

  <GetDetails clearbuffers="no" dest="3">
    <RegExp input="$$8" output="&lt;details&gt;\1&lt;/details&gt;" dest="3">
      <RegExp input="$$1" output="\1" dest="20">
        <expression clear="yes">(?i)&lt;anime\s+id=&quot;(\d+)&quot;</expression>
      </RegExp>
      <RegExp conditional="PersonalAnimeMapping" input="" output="&lt;url function=&quot;GetPersonalAnimeMapping&quot; cache=&quot;pers-anime-list.xml&quot;&gt;$INFO[PersonalAnimeMappingUrl]&lt;/url&gt;" dest="8">
        <expression/>
      </RegExp>
      <RegExp input="" output="&lt;url function=&quot;LoadAnimeMapping&quot; cache=&quot;anime-list.xml&quot;&gt;$INFO[AnimeMappingListUrl]&lt;/url&gt;" dest="8+">
        <expression/>
      </RegExp>
      <RegExp input="" output="&lt;chain function=&quot;GetIDByIDChain&quot;&gt;$$20&lt;/chain&gt;" dest="8+">
        <expression/>
      </RegExp>
      <RegExp input="" output="&lt;chain function=&quot;GetTitleByIDChain&quot;&gt;$$20&lt;/chain&gt;" dest="8+">
        <expression/>
      </RegExp>
      <RegExp input="" output="&lt;chain function=&quot;GetOriginalTitleByIDChain&quot;&gt;$$20&lt;/chain&gt;" dest="8+">
        <expression/>
      </RegExp>
      <RegExp input="" output="&lt;chain function=&quot;GetStartDateByIDChain&quot;&gt;$$20&lt;/chain&gt;" dest="8+">
        <expression/>
      </RegExp>
      <RegExp conditional="UseTags" input="" output="&lt;chain function=&quot;GetTagsByIDChain&quot;&gt;$$20&lt;/chain&gt;" dest="8+">
        <expression/>
      </RegExp>
      <RegExp input="" output="&lt;chain function=&quot;GetRatingByIDChain&quot;&gt;$$20&lt;/chain&gt;" dest="8+">
        <expression/>
      </RegExp>
      <RegExp input="" output="&lt;chain function=&quot;GetGenresByIDChain&quot;&gt;$$20&lt;/chain&gt;" dest="8+">
        <expression/>
      </RegExp>
      <RegExp input="" output="&lt;chain function=&quot;GetPlotByIDChain&quot;&gt;$$20&lt;/chain&gt;" dest="8+">
        <expression/>
      </RegExp>
      <RegExp input="" output="&lt;chain function=&quot;GetCastByIDChain&quot;&gt;$$20&lt;/chain&gt;" dest="8+">
        <expression/>
      </RegExp>
      <RegExp input="" output="&lt;chain function=&quot;GetWritersByIDChain&quot;&gt;$$20&lt;/chain&gt;" dest="8+">
        <expression/>
      </RegExp>
      <RegExp input="" output="&lt;chain function=&quot;GetDirectorsByIDChain&quot;&gt;$$20&lt;/chain&gt;" dest="8+">
        <expression/>
      </RegExp>
      <RegExp input="" output="&lt;chain function=&quot;GetStudiosByIDChain&quot;&gt;$$20&lt;/chain&gt;" dest="8+">
        <expression/>
      </RegExp>
      <RegExp input="" output="&lt;chain function=&quot;GetArtworkByIDChain&quot;&gt;$$20&lt;/chain&gt;" dest="8+">
        <expression/>
      </RegExp>
      <RegExp input="" output="&lt;chain function=&quot;GetTVArtworkByIDChain&quot;&gt;$$20&lt;/chain&gt;" dest="8+">
        <expression/>
      </RegExp>
      <RegExp input="" output="&lt;episodeguide&gt;&lt;url gzip=&quot;yes&quot; cache=&quot;$$20.xml&quot;&gt;http://api.anidb.net:9001/httpapi?request=anime&amp;client=xbmcscrap&amp;clientver=1&amp;protover=1&amp;aid=$$20&lt;/url&gt;&lt;/episodeguide&gt;" dest="8+">
        <expression/>
      </RegExp>
      <RegExp input="$$1" output="&lt;id&gt;$$20&lt;/id&gt;&lt;plot&gt;### YOU ARE BANNED FROM ANIDB.NET ###\nWAIT SOME TIME UNTIL YOU ARE UNBANNED&lt;/plot&gt;&lt;episodeguide&gt;&lt;url gzip=&quot;yes&quot; cache=&quot;$$2.xml&quot;&gt;http://api.anidb.net:9001/httpapi?request=anime&amp;client=xbmcscrap&amp;clientver=1&amp;protover=1&amp;aid=$$2&lt;/url&gt;&lt;/episodeguide&gt;" dest="8">
        <expression>(?i)&lt;error&gt;banned&lt;/error&gt;</expression>
      </RegExp>
      <expression noclean="1"/>
    </RegExp>
  </GetDetails>

  <GetTVArtworkByIDChain clearbuffers="no" dest="3">
    <RegExp input="$$8" output="&lt;details&gt;\1&lt;/details&gt;" dest="3">
      <RegExp input="$$19" output="&lt;url function=&quot;ParseTVDBBannerArtwork&quot; cache=&quot;tvdb-$$1.xml&quot;&gt;http://www.thetvdb.com/api/1D62F2F90030C444/series/\1/all/en.zip&lt;/url&gt;&lt;url function=&quot;ParseTVDBSeasonArtwork&quot; cache=&quot;tvdb-$$1.xml&quot;&gt;http://www.thetvdb.com/api/1D62F2F90030C444/series/\1/all/en.zip&lt;/url&gt;" dest="8">
        <expression clear="yes">(\d+)</expression>
      </RegExp>
      <expression noclean="1"/>
    </RegExp>
  </GetTVArtworkByIDChain>
  <ParseTVDBBannerArtwork clearbuffers="no" dest="4">
    <RegExp input="$$8" output="&lt;details&gt;\1&lt;/details&gt;" dest="4">
      <RegExp input="$$1" output="\1" dest="5">
        <expression clear="yes" noclean="1">(?i)&lt;Banners&gt;(.*?)&lt;/Banners&gt;</expression>
      </RegExp>
      <RegExp input="$$5" output="&lt;thumb aspect=&quot;banner&quot;&gt;http://thetvdb.com/banners/\1&lt;/thumb&gt;" dest="8">
        <expression clear="yes" repeat="yes">(?i)&lt;BannerPath&gt;([^&lt;]*)&lt;/BannerPath&gt;[^&lt;]*&lt;BannerType&gt;season&lt;/BannerType&gt;[^&lt;]*&lt;BannerType2&gt;seasonwide&lt;/BannerType2&gt;[^&lt;]*&lt;Language&gt;[a-z]*&lt;/Language&gt;[^&lt;]*[^S]*Season&gt;$$11&lt;/Season&gt;</expression>
      </RegExp>
      <RegExp input="$$5" output="&lt;thumb aspect=&quot;banner&quot;&gt;http://thetvdb.com/banners/\1&lt;/thumb&gt;" dest="8+">
        <expression repeat="yes">(?i)&lt;BannerPath&gt;([^&lt;]*)&lt;/BannerPath&gt;[^&lt;]*&lt;BannerType&gt;series&lt;/BannerType&gt;[^&lt;]*&lt;BannerType2&gt;graphical&lt;/BannerType2</expression>
      </RegExp>
      <RegExp input="$$5" output="&lt;thumb aspect=&quot;banner&quot;&gt;http://thetvdb.com/banners/\1&lt;/thumb&gt;" dest="8+">
        <expression repeat="yes">(?i)&lt;BannerPath&gt;([^&lt;]*)&lt;/BannerPath&gt;[^&lt;]*&lt;BannerType&gt;series&lt;/BannerType&gt;[^&lt;]*&lt;BannerType2&gt;text&lt;/BannerType2</expression>
      </RegExp>
      <RegExp input="$$5" output="&lt;thumb aspect=&quot;banner&quot;&gt;http://thetvdb.com/banners/\1&lt;/thumb&gt;" dest="8+">
        <expression repeat="yes">(?i)&lt;BannerPath&gt;([^&lt;]*)&lt;/BannerPath&gt;[^&lt;]*&lt;BannerType&gt;series&lt;/BannerType&gt;[^&lt;]*&lt;BannerType2&gt;blank&lt;/BannerType2</expression>
      </RegExp>
      <RegExp input="$$5" output="&lt;thumb aspect=&quot;banner&quot;&gt;http://thetvdb.com/banners/\1&lt;/thumb&gt;" dest="8+">
        <expression repeat="yes">(?i)&lt;BannerPath&gt;([^&lt;]*)&lt;/BannerPath&gt;[^&lt;]*&lt;BannerType&gt;season&lt;/BannerType&gt;[^&lt;]*&lt;BannerType2&gt;seasonwide&lt;/BannerType2&gt;[^&lt;]*&lt;Language&gt;[a-z]*&lt;/Language&gt;[^&lt;]*[^S]*Season&gt;(?!$$11&lt;)\d+&lt;/Season&gt;</expression>
      </RegExp>
      <expression noclean="1"/>
    </RegExp>
  </ParseTVDBBannerArtwork>
  <ParseTVDBSeasonArtwork clearbuffers="no" dest="4">
    <RegExp input="$$8" output="&lt;details&gt;\1&lt;/details&gt;" dest="4">
      <RegExp input="$$11" output="1" dest="11">
        <expression>a</expression>
      </RegExp>
      <RegExp input="$$1" output="\1" dest="5">
        <expression clear="yes" noclean="1">(?i)&lt;Banners&gt;(.*?)&lt;/Banners&gt;</expression>
      </RegExp>
      <RegExp input="$$5" output="&lt;thumb aspect=&quot;poster&quot; type=&quot;season&quot; season=&quot;0&quot;&gt;http://thetvdb.com/banners/\1&lt;/thumb&gt;" dest="8">
        <expression clear="yes" repeat="yes">(?i)&lt;BannerPath&gt;([^&lt;]*)&lt;/BannerPath&gt;[^&lt;]*&lt;BannerType&gt;season&lt;/BannerType&gt;[^&lt;]*&lt;BannerType2&gt;season&lt;/BannerType2&gt;[^&lt;]*&lt;Language&gt;[a-z]*&lt;/Language&gt;[^&lt;]*[^S]*Season&gt;0&lt;/Season&gt;</expression>
      </RegExp>
      <RegExp input="$$5" output="&lt;thumb aspect=&quot;poster&quot; type=&quot;season&quot; season=&quot;1&quot;&gt;http://thetvdb.com/banners/\1&lt;/thumb&gt;" dest="8+">
        <expression repeat="yes">(?i)&lt;BannerPath&gt;([^&lt;]*)&lt;/BannerPath&gt;[^&lt;]*&lt;BannerType&gt;season&lt;/BannerType&gt;[^&lt;]*&lt;BannerType2&gt;season&lt;/BannerType2&gt;[^&lt;]*&lt;Language&gt;[a-z]*&lt;/Language&gt;[^&lt;]*[^S]*Season&gt;$$11&lt;/Season&gt;</expression>
      </RegExp>
      <RegExp input="$$5" output="&lt;thumb aspect=&quot;banner&quot; type=&quot;season&quot; season=&quot;0&quot;&gt;http://thetvdb.com/banners/\1&lt;/thumb&gt;" dest="8+">
        <expression repeat="yes">(?i)&lt;BannerPath&gt;([^&lt;]*)&lt;/BannerPath&gt;[^&lt;]*&lt;BannerType&gt;season&lt;/BannerType&gt;[^&lt;]*&lt;BannerType2&gt;seasonwide&lt;/BannerType2&gt;[^&lt;]*&lt;Language&gt;[a-z]*&lt;/Language&gt;[^&lt;]*[^S]*Season&gt;0&lt;/Season&gt;</expression>
      </RegExp>
      <RegExp input="$$5" output="&lt;thumb aspect=&quot;banner&quot; type=&quot;season&quot; season=&quot;1&quot;&gt;http://thetvdb.com/banners/\1&lt;/thumb&gt;" dest="8+">
        <expression repeat="yes">(?i)&lt;BannerPath&gt;([^&lt;]*)&lt;/BannerPath&gt;[^&lt;]*&lt;BannerType&gt;season&lt;/BannerType&gt;[^&lt;]*&lt;BannerType2&gt;seasonwide&lt;/BannerType2&gt;[^&lt;]*&lt;Language&gt;[a-z]*&lt;/Language&gt;[^&lt;]*[^S]*Season&gt;$$11&lt;/Season&gt;</expression>
      </RegExp>
      <expression noclean="1"/>
    </RegExp>
  </ParseTVDBSeasonArtwork>

  <GetEpisodeList clearbuffers="yes" dest="4">
    <RegExp input="$$8" output="&lt;episodeguide&gt;\1&lt;/episodeguide&gt;" dest="4">
      <RegExp input="$$1" output="\1" dest="20">
        <expression>&lt;anime id=&quot;(\d+)&quot;</expression>
      </RegExp>
      <RegExp input="$$1" output="\1" dest="6">
        <expression clear="yes" noclean="1">(?i)&lt;characters&gt;.*?&lt;/characters&gt;.*?(&lt;episodes&gt;.*?&lt;/episodes&gt;)</expression>
      </RegExp>
      <RegExp input="$$1" output="\1" dest="6+">
        <expression noclean="1">(?i)(&lt;episodes&gt;.*?&lt;/episodes&gt;)</expression>
      </RegExp>
      <RegExp input="$$6" output="\1" dest="7">
        <expression clear="yes" noclean="1">(?i)&lt;episodes&gt;(.*?)&lt;/episodes&gt;</expression>
      </RegExp>
      <RegExp input="$$7" output="&lt;episode&gt;&lt;title&gt;\4&lt;/title&gt;&lt;url cache=&quot;$$20.xml&quot;&gt;\1&lt;/url&gt;&lt;epnum&gt;\2&lt;/epnum&gt;&lt;season&gt;1&lt;/season&gt;&lt;id&gt;\1&lt;/id&gt;&lt;aired&gt;\3&lt;/aired&gt;&lt;/episode&gt;" dest="8">
        <expression clear="yes" repeat="yes">(?i)&lt;episode\s+id=&quot;(\d+)&quot;[^&gt;]*&gt;\s*&lt;epno\s+type=&quot;1&quot;&gt;(\d+)&lt;/epno&gt;\s*(?:&lt;length&gt;[^&lt;]*&lt;/length&gt;\s*)?(?:&lt;airdate&gt;([^&lt;]+)&lt;/airdate&gt;\s*)?(?:&lt;rating[^&gt;]*&gt;[^&lt;]*&lt;/rating&gt;\s*)?(?:&lt;title[^&gt;]*&gt;[^&lt;]*&lt;/title&gt;\s*)*?&lt;title xml:lang=&quot;en&quot;&gt;([^&lt;]+)&lt;/title&gt;.*?&lt;/episode&gt;</expression>
      </RegExp>
      <RegExp input="$$7" output="&lt;episode&gt;&lt;title&gt;\4&lt;/title&gt;&lt;url cache=&quot;$$20.xml&quot;&gt;\1&lt;/url&gt;&lt;epnum&gt;\2&lt;/epnum&gt;&lt;season&gt;0&lt;/season&gt;&lt;id&gt;\1&lt;/id&gt;&lt;aired&gt;\3&lt;/aired&gt;&lt;/episode&gt;" dest="8+">
        <expression repeat="yes">(?i)&lt;episode\s+id=&quot;(\d+)&quot;[^&gt;]*&gt;\s*&lt;epno\s+type=&quot;2&quot;&gt;s(\d+)&lt;/epno&gt;\s*(?:&lt;length&gt;[^&lt;]*&lt;/length&gt;\s*)?(?:&lt;airdate&gt;([^&lt;]+)&lt;/airdate&gt;\s*)?(?:&lt;rating[^&gt;]*&gt;[^&lt;]*&lt;/rating&gt;\s*)?(?:&lt;title[^&gt;]*&gt;[^&lt;]*&lt;/title&gt;\s*)*?&lt;title xml:lang=&quot;en&quot;&gt;([^&lt;]+)&lt;/title&gt;.*?&lt;/episode&gt;</expression>
      </RegExp>
      <RegExp input="$$7" output="&lt;episode&gt;&lt;title&gt;\4&lt;/title&gt;&lt;url cache=&quot;$$20.xml&quot;&gt;\1&lt;/url&gt;&lt;epnum&gt;10\2&lt;/epnum&gt;&lt;season&gt;0&lt;/season&gt;&lt;id&gt;\1&lt;/id&gt;&lt;aired&gt;\3&lt;/aired&gt;&lt;/episode&gt;" dest="8+">
        <expression repeat="yes">(?i)&lt;episode\s+id=&quot;(\d+)&quot;[^&gt;]*&gt;\s*&lt;epno\s+type=&quot;3&quot;&gt;c(\d)&lt;/epno&gt;\s*(?:&lt;length&gt;[^&lt;]*&lt;/length&gt;\s*)?(?:&lt;airdate&gt;([^&lt;]+)&lt;/airdate&gt;\s*)?(?:&lt;rating[^&gt;]*&gt;[^&lt;]*&lt;/rating&gt;\s*)?(?:&lt;title[^&gt;]*&gt;[^&lt;]*&lt;/title&gt;\s*)*?&lt;title xml:lang=&quot;en&quot;&gt;([^&lt;]+)&lt;/title&gt;.*?&lt;/episode&gt;</expression>
      </RegExp>
      <RegExp input="$$7" output="&lt;episode&gt;&lt;title&gt;\4&lt;/title&gt;&lt;url cache=&quot;$$20.xml&quot;&gt;\1&lt;/url&gt;&lt;epnum&gt;1\2&lt;/epnum&gt;&lt;season&gt;0&lt;/season&gt;&lt;id&gt;\1&lt;/id&gt;&lt;aired&gt;\3&lt;/aired&gt;&lt;/episode&gt;" dest="8+">
        <expression repeat="yes">(?i)&lt;episode\s+id=&quot;(\d+)&quot;[^&gt;]*&gt;\s*&lt;epno\s+type=&quot;3&quot;&gt;c(\d\d)&lt;/epno&gt;\s*(?:&lt;length&gt;[^&lt;]*&lt;/length&gt;\s*)?(?:&lt;airdate&gt;([^&lt;]+)&lt;/airdate&gt;\s*)?(?:&lt;rating[^&gt;]*&gt;[^&lt;]*&lt;/rating&gt;\s*)?(?:&lt;title[^&gt;]*&gt;[^&lt;]*&lt;/title&gt;\s*)*?&lt;title xml:lang=&quot;en&quot;&gt;([^&lt;]+)&lt;/title&gt;.*?&lt;/episode&gt;</expression>
      </RegExp>
      <RegExp input="$$7" output="&lt;episode&gt;&lt;title&gt;\4&lt;/title&gt;&lt;url cache=&quot;$$20.xml&quot;&gt;\1&lt;/url&gt;&lt;epnum&gt;20\2&lt;/epnum&gt;&lt;season&gt;0&lt;/season&gt;&lt;id&gt;\1&lt;/id&gt;&lt;aired&gt;\3&lt;/aired&gt;&lt;/episode&gt;" dest="8+">
        <expression repeat="yes">(?i)&lt;episode\s+id=&quot;(\d+)&quot;[^&gt;]*&gt;\s*&lt;epno\s+type=&quot;4&quot;&gt;t(\d)&lt;/epno&gt;\s*(?:&lt;length&gt;[^&lt;]*&lt;/length&gt;\s*)?(?:&lt;airdate&gt;([^&lt;]+)&lt;/airdate&gt;\s*)?(?:&lt;rating[^&gt;]*&gt;[^&lt;]*&lt;/rating&gt;\s*)?(?:&lt;title[^&gt;]*&gt;[^&lt;]*&lt;/title&gt;\s*)*?&lt;title xml:lang=&quot;en&quot;&gt;([^&lt;]+)&lt;/title&gt;.*?&lt;/episode&gt;</expression>
      </RegExp>
      <RegExp input="$$7" output="&lt;episode&gt;&lt;title&gt;\4&lt;/title&gt;&lt;url cache=&quot;$$20.xml&quot;&gt;\1&lt;/url&gt;&lt;epnum&gt;2\2&lt;/epnum&gt;&lt;season&gt;0&lt;/season&gt;&lt;id&gt;\1&lt;/id&gt;&lt;aired&gt;\3&lt;/aired&gt;&lt;/episode&gt;" dest="8+">
        <expression repeat="yes">(?i)&lt;episode\s+id=&quot;(\d+)&quot;[^&gt;]*&gt;\s*&lt;epno\s+type=&quot;4&quot;&gt;t(\d\d)&lt;/epno&gt;\s*(?:&lt;length&gt;[^&lt;]*&lt;/length&gt;\s*)?(?:&lt;airdate&gt;([^&lt;]+)&lt;/airdate&gt;\s*)?(?:&lt;rating[^&gt;]*&gt;[^&lt;]*&lt;/rating&gt;\s*)?(?:&lt;title[^&gt;]*&gt;[^&lt;]*&lt;/title&gt;\s*)*?&lt;title xml:lang=&quot;en&quot;&gt;([^&lt;]+)&lt;/title&gt;.*?&lt;/episode&gt;</expression>
      </RegExp>
      <RegExp input="$$7" output="&lt;episode&gt;&lt;title&gt;\4&lt;/title&gt;&lt;url cache=&quot;$$20.xml&quot;&gt;\1&lt;/url&gt;&lt;epnum&gt;30\2&lt;/epnum&gt;&lt;season&gt;0&lt;/season&gt;&lt;id&gt;\1&lt;/id&gt;&lt;aired&gt;\3&lt;/aired&gt;&lt;/episode&gt;" dest="8+">
        <expression repeat="yes">(?i)&lt;episode\s+id=&quot;(\d+)&quot;[^&gt;]*&gt;\s*&lt;epno\s+type=&quot;5&quot;&gt;p(\d)&lt;/epno&gt;\s*(?:&lt;length&gt;[^&lt;]*&lt;/length&gt;\s*)?(?:&lt;airdate&gt;([^&lt;]+)&lt;/airdate&gt;\s*)?(?:&lt;rating[^&gt;]*&gt;[^&lt;]*&lt;/rating&gt;\s*)?(?:&lt;title[^&gt;]*&gt;[^&lt;]*&lt;/title&gt;\s*)*?&lt;title xml:lang=&quot;en&quot;&gt;([^&lt;]+)&lt;/title&gt;.*?&lt;/episode&gt;</expression>
      </RegExp>
      <RegExp input="$$7" output="&lt;episode&gt;&lt;title&gt;\4&lt;/title&gt;&lt;url cache=&quot;$$20.xml&quot;&gt;\1&lt;/url&gt;&lt;epnum&gt;3\2&lt;/epnum&gt;&lt;season&gt;0&lt;/season&gt;&lt;id&gt;\1&lt;/id&gt;&lt;aired&gt;\3&lt;/aired&gt;&lt;/episode&gt;" dest="8+">
        <expression repeat="yes">(?i)&lt;episode\s+id=&quot;(\d+)&quot;[^&gt;]*&gt;\s*&lt;epno\s+type=&quot;5&quot;&gt;p(\d\d)&lt;/epno&gt;\s*(?:&lt;length&gt;[^&lt;]*&lt;/length&gt;\s*)?(?:&lt;airdate&gt;([^&lt;]+)&lt;/airdate&gt;\s*)?(?:&lt;rating[^&gt;]*&gt;[^&lt;]*&lt;/rating&gt;\s*)?(?:&lt;title[^&gt;]*&gt;[^&lt;]*&lt;/title&gt;\s*)*?&lt;title xml:lang=&quot;en&quot;&gt;([^&lt;]+)&lt;/title&gt;.*?&lt;/episode&gt;</expression>
      </RegExp>
      <RegExp input="$$7" output="&lt;episode&gt;&lt;title&gt;\4&lt;/title&gt;&lt;url cache=&quot;$$20.xml&quot;&gt;\1&lt;/url&gt;&lt;epnum&gt;40\2&lt;/epnum&gt;&lt;season&gt;0&lt;/season&gt;&lt;id&gt;\1&lt;/id&gt;&lt;aired&gt;\3&lt;/aired&gt;&lt;/episode&gt;" dest="8+">
        <expression repeat="yes">(?i)&lt;episode\s+id=&quot;(\d+)&quot;[^&gt;]*&gt;\s*&lt;epno\s+type=&quot;6&quot;&gt;o(\d)&lt;/epno&gt;\s*(?:&lt;length&gt;[^&lt;]*&lt;/length&gt;\s*)?(?:&lt;airdate&gt;([^&lt;]+)&lt;/airdate&gt;\s*)?(?:&lt;rating[^&gt;]*&gt;[^&lt;]*&lt;/rating&gt;\s*)?(?:&lt;title[^&gt;]*&gt;[^&lt;]*&lt;/title&gt;\s*)*?&lt;title xml:lang=&quot;en&quot;&gt;([^&lt;]+)&lt;/title&gt;.*?&lt;/episode&gt;</expression>
      </RegExp>
      <RegExp input="$$7" output="&lt;episode&gt;&lt;title&gt;\4&lt;/title&gt;&lt;url cache=&quot;$$20.xml&quot;&gt;\1&lt;/url&gt;&lt;epnum&gt;4\2&lt;/epnum&gt;&lt;season&gt;0&lt;/season&gt;&lt;id&gt;\1&lt;/id&gt;&lt;aired&gt;\3&lt;/aired&gt;&lt;/episode&gt;" dest="8+">
        <expression repeat="yes">(?i)&lt;episode\s+id=&quot;(\d+)&quot;[^&gt;]*&gt;\s*&lt;epno\s+type=&quot;6&quot;&gt;o(\d\d)&lt;/epno&gt;\s*(?:&lt;length&gt;[^&lt;]*&lt;/length&gt;\s*)?(?:&lt;airdate&gt;([^&lt;]+)&lt;/airdate&gt;\s*)?(?:&lt;rating[^&gt;]*&gt;[^&lt;]*&lt;/rating&gt;\s*)?(?:&lt;title[^&gt;]*&gt;[^&lt;]*&lt;/title&gt;\s*)*?&lt;title xml:lang=&quot;en&quot;&gt;([^&lt;]+)&lt;/title&gt;.*?&lt;/episode&gt;</expression>
      </RegExp>
      <RegExp input="" output="&lt;chain function=&quot;StartDelayLoop&quot;&gt;&amp;&lt;/chain&gt;" dest="8+">
        <expression/> 
      </RegExp>
      <expression noclean="1"/>
    </RegExp>
  </GetEpisodeList>
  
  <GetEpisodeDetails clearbuffers="no" dest="4">
    <RegExp input="$$4" output="&lt;details&gt;\1&lt;/details&gt;" dest="4">
      <RegExp input="$$1" output="\1" dest="5">
        <expression clear="yes" noclean="1">(?i)(&lt;episode id=&quot;$$3&quot;.*?&lt;/episode&gt;)</expression>
      </RegExp>
      <RegExp input="$$3" output="&lt;code&gt;\1&lt;/code&gt;" dest="4">
        <expression clear="yes"/>
      </RegExp>
      <RegExp input="$$7" output="&lt;title&gt;\1&lt;/title&gt;" dest="4+">
        <RegExp input="$$5" output="\1" dest="6">
          <expression clear="yes" trim="1">(?i)&lt;title xml:lang=&quot;en&quot;[^&gt;]*&gt;([^&lt;]+)&lt;/title&gt;</expression>
        </RegExp>
        <RegExp conditional="OfficialName" input="$$5" output="\1" dest="8">
          <expression clear="yes" trim="1">(?i)&lt;title\s+xml:lang=&quot;$INFO[OfficialLanguage]&quot;[^&gt;]*&gt;([^&lt;]+)&lt;/title&gt;</expression> 
        </RegExp>
        <RegExp conditional="OfficialName" input="$$8" output="\1" dest="6">
          <expression noclean="1">(.+)</expression>
        </RegExp>
        <RegExp input="$$6" output="'\1" dest="7">
          <expression clear="yes" repeat="yes" noclean="1">`?([^`]+)</expression>
        </RegExp>
        <expression>'(.*)</expression>
      </RegExp>
      <RegExp input="$$5" output="1-\1" dest="9">
        <expression clear="yes">(?i)&lt;epno[^&gt;]*&gt;(\d+)&lt;/epno&gt;</expression>
      </RegExp>
      <RegExp input="$$5" output="0-\1" dest="9">
        <expression>(?i)&lt;epno[^&gt;]*&gt;s(\d+)&lt;/epno&gt;</expression>
      </RegExp>
      <RegExp input="$$5" output="0-10\1" dest="9">
        <expression>(?i)&lt;epno[^&gt;]*&gt;c(\d)&lt;/epno&gt;</expression>
      </RegExp>
      <RegExp input="$$5" output="0-1\1" dest="9">
        <expression>(?i)&lt;epno[^&gt;]*&gt;c(\d\d)&lt;/epno&gt;</expression>
      </RegExp>
      <RegExp input="$$5" output="0-20\1" dest="9">
        <expression>(?i)&lt;epno[^&gt;]*&gt;t(\d)&lt;/epno&gt;</expression>
      </RegExp>
      <RegExp input="$$5" output="0-2\1" dest="9">
        <expression>(?i)&lt;epno[^&gt;]*&gt;t(\d\d)&lt;/epno&gt;</expression>
      </RegExp>
      <RegExp input="$$5" output="0-30\1" dest="9">
        <expression>(?i)&lt;epno[^&gt;]*&gt;p(\d)&lt;/epno&gt;</expression>
      </RegExp>
      <RegExp input="$$5" output="0-3\1" dest="9">
        <expression>(?i)&lt;epno[^&gt;]*&gt;p(\d\d)&lt;/epno&gt;</expression>
      </RegExp>
      <RegExp input="$$5" output="0-40\1" dest="9">
        <expression>(?i)&lt;epno[^&gt;]*&gt;o(\d)&lt;/epno&gt;</expression>
      </RegExp>
      <RegExp input="$$5" output="0-4\1" dest="9">
        <expression>(?i)&lt;epno[^&gt;]*&gt;o(\d\d)&lt;/epno&gt;</expression>
      </RegExp>
      <RegExp input="$$9" output="\1" dest="19">
        <expression clear="yes">(\d+)-\d+</expression>
      </RegExp>
      <RegExp input="$$9" output="\1" dest="18">
        <expression clear="yes">\d+-(\d+)</expression>
      </RegExp>
      <RegExp input="$$19" output="&lt;season&gt;$$19&lt;/season&gt;&lt;episode&gt;$$18&lt;/episode&gt;" dest="4+">
        <expression/>
      </RegExp>
      <RegExp input="$$19-$$18" output="&lt;displayseason&gt;2&lt;/displayseason&gt;&lt;displayepisode&gt;$$18&lt;/displayepisode&gt;" dest="4+">
        <expression>0-\d{3}</expression>
      </RegExp>
      <RegExp conditional="SpecialsAtEnd" input="$$19-$$18" output="&lt;displayafterseason&gt;1&lt;/displayafterseason&gt;&lt;displayepisode&gt;$$18&lt;/displayepisode&gt;" dest="4+">
        <expression>0-(?!\d{3})</expression>
      </RegExp>
      <RegExp conditional="!SpecialsAtEnd" input="$$19-$$18" output="&lt;displaybeforeseason&gt;1&lt;/displaybeforeseason&gt;&lt;displayepisode&gt;$$18&lt;/displayepisode&gt;" dest="4+">
        <expression>0-(?!\d{3})</expression>
      </RegExp>
      <RegExp input="$$5" output="&lt;runtime&gt;\1&lt;/runtime&gt;" dest="4+">
        <expression>(?i)&lt;length&gt;(\d+)&lt;/length&gt;</expression>
      </RegExp>
      <RegExp input="$$5" output="&lt;votes&gt;\1&lt;/votes&gt;&lt;rating&gt;\2&lt;/rating&gt;" dest="4+">
        <expression>(?i)&lt;rating.+?votes=&quot;([^&quot;]*)&quot;[^&gt;]*&gt;([^&lt;]+)&lt;/rating&gt;</expression>
      </RegExp> 
      <RegExp input="$$5" output="&lt;aired&gt;\1&lt;/aired&gt;" dest="4+">
        <expression>(?i)&lt;airdate[^&gt;]*&gt;([^&lt;]+)&lt;/airdate&gt;</expression>
      </RegExp>
      <RegExp input="$$1" output="\1" dest="6">
        <expression clear="yes" noclean="1">(?i)&lt;characters&gt;(.*?)&lt;/characters&gt;</expression>
      </RegExp>
      <RegExp input="$$6" output="&lt;actor&gt;&lt;name&gt;\6&lt;/name&gt;&lt;role&gt;\2&lt;/role&gt;&lt;thumb&gt;http://img7.anidb.net/pics/anime/\5&lt;/thumb&gt;&lt;/actor&gt;" dest="7">
        <expression clear="yes" repeat="yes">(?i)&lt;character[^&gt;]*type=&quot;appears in&quot;[^&gt;]*&gt;\s*(?:&lt;([^&gt;\s]+)[^&gt;]*&gt;[^&lt;]*&lt;/\1&gt;\s*)*?&lt;name&gt;([^&lt;]*)&lt;/name&gt;\s*(?:&lt;([^&gt;\s]+)[^&gt;]*&gt;[^&lt;]*&lt;/\3&gt;\s*)*?&lt;episodes[^&lt;]*[&gt;,]$$3[&lt;,][^/]*/episodes&gt;\s*(?:&lt;([^&gt;\s]+)[^&gt;]*&gt;[^&lt;]*&lt;/\4&gt;\s*)*?&lt;seiyuu[^&gt;]*picture=&quot;([^&quot;]*)&quot;[^&gt;]*&gt;([^&lt;]*)&lt;/seiyuu&gt;\s*(?:&lt;([^&gt;\s]+)[^&gt;]*&gt;[^&lt;]*&lt;/\7&gt;\s*)*?&lt;/character&gt;</expression>
      </RegExp>
      <RegExp input="$$6" output="&lt;actor&gt;&lt;name&gt;\5&lt;/name&gt;&lt;role&gt;\2&lt;/role&gt;&lt;/actor&gt;" dest="7+">
        <expression repeat="yes">(?i)&lt;character[^&gt;]*type=&quot;appears in&quot;[^&gt;]*&gt;\s*(?:&lt;([^&gt;\s]+)[^&gt;]*&gt;[^&lt;]*&lt;/\1&gt;\s*)*?&lt;name&gt;([^&lt;]*)&lt;/name&gt;\s*(?:&lt;([^&gt;\s]+)[^&gt;]*&gt;[^&lt;]*&lt;/\3&gt;\s*)*?&lt;episodes[^&lt;]*[&gt;,]$$3[&lt;,][^/]*/episodes&gt;\s*(?:&lt;([^&gt;\s]+)[^&gt;]*&gt;[^&lt;]*&lt;/\4&gt;\s*)*?&lt;seiyuu[^&gt;]*&gt;([^&lt;]*)&lt;/seiyuu&gt;\s*(?:&lt;([^&gt;\s]+)[^&gt;]*&gt;[^&lt;]*&lt;/\6&gt;\s*)*?&lt;/character&gt;</expression>
      </RegExp>
      <RegExp conditional="!SecondAsMain" input="$$6" output="&lt;actor&gt;&lt;name&gt;\6&lt;/name&gt;&lt;role&gt;\2&lt;/role&gt;&lt;thumb&gt;http://img7.anidb.net/pics/anime/\5&lt;/thumb&gt;&lt;/actor&gt;" dest="7+">
        <expression repeat="yes">(?i)&lt;character[^&gt;]*type=&quot;secondary cast in&quot;[^&gt;]*&gt;\s*(?:&lt;([^&gt;\s]+)[^&gt;]*&gt;[^&lt;]*&lt;/\1&gt;\s*)*?&lt;name&gt;([^&lt;]*)&lt;/name&gt;\s*(?:&lt;([^&gt;\s]+)[^&gt;]*&gt;[^&lt;]*&lt;/\3&gt;\s*)*?&lt;episodes[^&lt;]*[&gt;,]$$3[&lt;,][^/]*/episodes&gt;\s*(?:&lt;([^&gt;\s]+)[^&gt;]*&gt;[^&lt;]*&lt;/\4&gt;\s*)*?&lt;seiyuu[^&gt;]*picture=&quot;([^&quot;]*)&quot;[^&gt;]*&gt;([^&lt;]*)&lt;/seiyuu&gt;\s*(?:&lt;([^&gt;\s]+)[^&gt;]*&gt;[^&lt;]*&lt;/\7&gt;\s*)*?&lt;/character&gt;</expression>
      </RegExp>
      <RegExp conditional="!SecondAsMain" input="$$6" output="&lt;actor&gt;&lt;name&gt;\5&lt;/name&gt;&lt;role&gt;\2&lt;/role&gt;&lt;/actor&gt;" dest="7+">
        <expression repeat="yes">(?i)&lt;character[^&gt;]*type=&quot;secondary cast in&quot;[^&gt;]*&gt;\s*(?:&lt;([^&gt;\s]+)[^&gt;]*&gt;[^&lt;]*&lt;/\1&gt;\s*)*?&lt;name&gt;([^&lt;]*)&lt;/name&gt;\s*(?:&lt;([^&gt;\s]+)[^&gt;]*&gt;[^&lt;]*&lt;/\3&gt;\s*)*?&lt;episodes[^&lt;]*[&gt;,]$$3[&lt;,][^/]*/episodes&gt;\s*(?:&lt;([^&gt;\s]+)[^&gt;]*&gt;[^&lt;]*&lt;/\4&gt;\s*)*?&lt;seiyuu[^&gt;]*&gt;([^&lt;]*)&lt;/seiyuu&gt;\s*(?:&lt;([^&gt;\s]+)[^&gt;]*&gt;[^&lt;]*&lt;/\6&gt;\s*)*?&lt;/character&gt;</expression>
      </RegExp>
      <RegExp input="$$7" output="\1" dest="4+">
        <RegExp input="$$7" output="'\1" dest="7">
          <expression clear="yes" repeat="yes" noclean="1">`?([^`]+)</expression>
        </RegExp>
        <expression noclean="1">'(.*)</expression>
      </RegExp>
      <RegExp input="$$1" output="\1" dest="6">
        <expression clear="yes" noclean="1">(?i)&lt;creators&gt;(.*?)&lt;/creators&gt;</expression>
      </RegExp>
      <RegExp input="$$6" output="&lt;credits&gt;\1&lt;/credits&gt;" dest="4+">
        <expression repeat="yes">(?i)&lt;name.*?type=&quot;(?:Original|Character)[^&gt;]*&gt;([^&lt;]*)&lt;/name&gt;</expression>
      </RegExp>
      <RegExp input="$$6" output="&lt;director&gt;\1&lt;/director&gt;" dest="4+">
        <expression repeat="yes">(?i)&lt;name.*?type=&quot;Direction&quot;&gt;([^&lt;]*)&lt;/name&gt;</expression>
      </RegExp>
      <RegExp input="$$1" output="\1" dest="20">
        <expression clear="yes">(?i)&lt;anime id=&quot;(\d+)&quot;</expression>
      </RegExp>
      <RegExp conditional="PersonalAnimeMapping" input="" output="&lt;url function=&quot;GetPersonalAnimeMapping&quot; cache=&quot;pers-anime-list.xml&quot;&gt;$INFO[PersonalAnimeMappingUrl]&lt;/url&gt;" dest="4+">
        <expression/>
      </RegExp>
      <RegExp input="" output="&lt;url function=&quot;GetEpisodeMappingXMLAPI&quot; cache=&quot;anime-list.xml&quot;&gt;$INFO[AnimeMappingListUrl]&lt;/url&gt;" dest="4+">
        <expression/>
      </RegExp>
      <RegExp input="" output="" dest="1">
        <expression clear="yes"/>
      </RegExp>
      <RegExp input="" output="" dest="2">
        <expression clear="yes"/>
      </RegExp>
      <expression noclean="1"/>
    </RegExp>   
  </GetEpisodeDetails>

  <!--
    Persistent variables:
    $$20 ... AniDB anime id
    $$19 ... AniDB season number
    $$18 ... AniDB episode number
    $$17 ... TheTvDb anime id
    $$16 ... TheTvDb season number 
    $$15 ... TheTvDb episode number
    $$14 ... Explicit sort order from mapping (true/false)
    $$13 ... TheTvDb secondary episode number
    $$12 ... Use TheTvDb Absolute order (true/false)
  -->

  <GetEpisodeMappingXMLAPI clearbuffers="no" dest="4">
    <RegExp input="$$4" output="&lt;details&gt;\1&lt;/details&gt;" dest="4">
      <RegExp input="$$2$$1" output="\1" dest="6">
        <expression clear="yes" noclean="1">(?i)(&lt;anime\s+anidbid=&quot;$$20&quot;.*?&lt;/anime&gt;)</expression>
      </RegExp>
      <RegExp input="$$6" output="\1" dest="7">
        <expression clear="yes" noclean="1">(?i)(&lt;supplemental-episode-info\s+episode=&quot;$$18&quot;\s*&gt;.*?&lt;/supplemental-episode-info&gt;)</expression>
      </RegExp>
      <RegExp input="$$7" output="\1" dest="4">
        <expression clear="yes" repeat="yes" noclean="1">(?i)(&lt;(title|runtime|aired|credits|director|plot|thumb)[^&gt;]*&gt;.*?&lt;/\2&gt;)</expression>
      </RegExp>
      <RegExp input="$$6" output="\1" dest="7">
        <expression clear="yes" noclean="1">(?i)(&lt;supplemental-episode-info\s+episode=&quot;all&quot;\s*&gt;.*?&lt;/supplemental-episode-info&gt;)</expression>
      </RegExp>
      <RegExp input="$$7" output="\1" dest="4+">
        <expression repeat="yes" noclean="1">(?i)(&lt;(title|runtime|aired|credits|director|plot|thumb)[^&gt;]*&gt;.*?&lt;/\2&gt;)</expression>
      </RegExp>
      <RegExp conditional="ExtraDetails" input="$$17" output="&lt;url function=&quot;GetEpisodeExtraDetailsDataAPI&quot; cache=&quot;tvdb-$$20.xml&quot;&gt;http://thetvdb.com/api/1D62F2F90030C444/series/\1/all/en.zip&lt;/url&gt;" dest="4+">
        <RegExp input="$$6" output="\1" dest="17">
          <expression clear="yes">(?i)tvdbid=&quot;([^&quot;]*)&quot;</expression>
        </RegExp>
        <RegExp input="" output="false" dest="12">
          <expression/>
        </RegExp>
        <RegExp input="$$6" output="\1" dest="16">
          <expression clear="yes">(?i)defaulttvdbseason=&quot;(\d+)&quot;</expression>
        </RegExp>
        <RegExp input="$$6" output="1" dest="16">
          <expression>(?i)defaulttvdbseason=&quot;a&quot;</expression>
        </RegExp>
        <RegExp input="$$6" output="true" dest="12">
          <expression>(?i)defaulttvdbseason=&quot;a&quot;</expression>
        </RegExp>
        <RegExp input="$$19" output="0" dest="16">
          <expression>^0$</expression>
        </RegExp>
        <RegExp input="$$6" output="\1" dest="16">
          <expression>(?i)&lt;mapping\s+anidbseason=&quot;$$19&quot;\s+tvdbseason=&quot;(\d+)&quot;\s*&gt;[^&lt;]*;$$18-\d+(?:\+\d+)?;[^&lt;]*&lt;/mapping&gt;</expression>
        </RegExp>
        <RegExp input="$$6" output="false" dest="12">
          <expression>(?i)&lt;mapping\s+anidbseason=&quot;$$19&quot;\s+tvdbseason=&quot;\d+&quot;\s*&gt;[^&lt;]*;$$18-\d+(?:\+\d+)?;[^&lt;]*&lt;/mapping&gt;</expression>
        </RegExp>
        <RegExp input="$$18" output="\1" dest="15">
          <expression clear="yes">(\d+)</expression>
        </RegExp>
        <RegExp input="$$6" output="\1" dest="15">
          <expression>(?i)&lt;mapping\s+anidbseason=&quot;$$19&quot;\s+tvdbseason=&quot;\d+&quot;\s*&gt;[^&lt;]*;$$18-(\d+)(?:\+\d+)?;[^&lt;]*&lt;/mapping&gt;</expression>
        </RegExp>
        <RegExp input="$$6" output="\1" dest="13">
          <expression clear="yes">(?i)&lt;mapping\s+anidbseason=&quot;$$19&quot;\s+tvdbseason=&quot;\d+&quot;\s*&gt;[^&lt;]*;$$18-\d+\+(\d+);[^&lt;]*&lt;/mapping&gt;</expression>
        </RegExp>
        <expression>(\d+)</expression>
      </RegExp>
      <RegExp input="false" output="\1" dest="14">
        <expression/>
      </RegExp>
      <RegExp conditional="SpecialsInside" input="$$8" output="&lt;displayseason&gt;1&lt;/displayseason&gt;&lt;displayepisode&gt;\1&lt;/displayepisode&gt;" dest="4+">
        <RegExp input="$$6" output="\1" dest="7">
          <expression clear="yes" noclean="1">(?i)(&lt;before&gt;.*?&lt;/before&gt;)</expression>
        </RegExp>
        <RegExp input="$$19-$$7" output="\1" dest="8">
          <expression clear="yes">(?i)0-&lt;before&gt;[^&lt;]*;$$18-(\d+);[^&lt;]*&lt;/before&gt;</expression>
        </RegExp>
        <RegExp input="$$8" output="true" dest="14">
          <expression>\d+</expression>
        </RegExp>
        <expression>(\d+)</expression>
      </RegExp>
      <RegExp input="" output="" dest="1">
        <expression clear="yes"/>
      </RegExp>
      <expression noclean="1"/>
    </RegExp>
  </GetEpisodeMappingXMLAPI>
  
  <GetEpisodeReverseMappingXMLAPI clearbuffers="no" dest="4">
    <RegExp input="$$4" output="&lt;details&gt;\1&lt;/details&gt;" dest="4">
      <RegExp input="$$2$$1" output="\1" dest="6">
        <expression clear="yes" noclean="1">(?i)(&lt;anime\s+anidbid=&quot;$$20&quot;.*?&lt;/anime&gt;)</expression>
      </RegExp>
      <RegExp input="$$6" output="1" dest="19">
        <expression clear="yes">(?i)defaulttvdbseason=&quot;$$16&quot;</expression>
      </RegExp>
      <RegExp input="$$6" output="true" dest="12">
        <expression clear="yes">(?i)defaulttvdbseason=&quot;a&quot;</expression>
      </RegExp>
      <RegExp input="$$6" output="\1" dest="19">
        <expression>(?i)&lt;mapping\s+anidbseason=&quot;(\d+)&quot;\s+tvdbseason=&quot;$$16&quot;\s*&gt;[^&lt;]*;\d+-$$15(?:\+\d+)?;[^&lt;]*&lt;/mapping&gt;</expression>
      </RegExp>
      <RegExp input="$$15" output="\1" dest="18">
        <expression clear="yes">(\d+)</expression>
      </RegExp>
      <RegExp input="$$6" output="\1" dest="18">
        <expression>(?i)&lt;mapping\s+anidbseason=&quot;\d+&quot;\s+tvdbseason=&quot;$$16&quot;\s*&gt;[^&lt;]*;(\d+)-$$15(?:\+\d+)?;[^&lt;]*&lt;/mapping&gt;</expression>
      </RegExp>
      <RegExp input="$$19-$$18" output="&lt;displayseason&gt;1&lt;/displayseason&gt;&lt;displayepisode&gt;\1&lt;/displayepisode&gt;" dest="4">
        <expression clear="yes">1-(\d+)</expression>
      </RegExp>
      <RegExp input="$$12-$$19-$$18" output="&lt;url function=&quot;GetAbsoluteEpisodeReverseMappingXMLAPI&quot; cache=&quot;tvdb-$$20.xml&quot;&gt;http://thetvdb.com/api/1D62F2F90030C444/series/\1/all/en.zip&lt;/url&gt;" dest="4">
        <expression>true--\d+</expression>
      </RegExp>
      <expression noclean="1"/>   
    </RegExp> 
  </GetEpisodeReverseMappingXMLAPI>

  <GetAbsoluteEpisodeReverseMappingXMLAPI clearbuffers="no" dest="4">
    <RegExp input="$$6" output="&lt;details&gt;\1&lt;/details&gt;" dest="4">
      <RegExp input="$$1" output="&lt;displayseason&gt;1&lt;/displayseason&gt;&lt;displayepisode&gt;\5&lt;/displayepisode&gt;" dest="6">
        <expression clear="yes">(?i)&lt;episode&gt;\s*(?:&lt;([^&gt;]+)&gt;[^&lt;]*&lt;/\1&gt;\s*)*?&lt;episodename&gt;[^&lt;]+&lt;/episodename&gt;\s*(?:&lt;([^&gt;]+)&gt;[^&lt;]*&lt;/\2&gt;\s*)*?&lt;episodenumber&gt;$$15&lt;/episodenumber&gt;\s*(?:&lt;([^&gt;]+)&gt;[^&lt;]*&lt;/\3&gt;\s*)*?&lt;seasonnumber&gt;$$16&lt;/seasonnumber&gt;\s*(?:&lt;([^&gt;]+)&gt;[^&lt;]*&lt;/\4&gt;\s*)*?&lt;absolute_number&gt;(\d+)&lt;/absolute_number&gt;\s*(?:&lt;([^&gt;]+)&gt;[^&lt;]*&lt;/\6&gt;\s*)*?&lt;/episode&gt;</expression>
      </RegExp>
      <expression noclean="1"/>   
    </RegExp> 
  </GetAbsoluteEpisodeReverseMappingXMLAPI>

  <GetEpisodeExtraDetailsDataAPI clearbuffers="no" dest="4">
    <RegExp input="$$4" output="&lt;details&gt;\1&lt;/details&gt;" dest="4">
      <RegExp input="$$12-$$19-$$1" output="\1" dest="5">
        <expression clear="yes" noclean="1">(?i)(?:(?:false-(?:1|0))|true-0)-.*?(&lt;episode&gt;\s*(?:&lt;([^&gt;]+)&gt;[^&lt;]*&lt;/\2&gt;\s*)*?&lt;episodename&gt;[^&lt;]+&lt;/episodename&gt;\s*(?:&lt;([^&gt;]+)&gt;[^&lt;]*&lt;/\3&gt;\s*)*?&lt;episodenumber&gt;$$15&lt;/episodenumber&gt;\s*(?:&lt;([^&gt;]+)&gt;[^&lt;]*&lt;/\4&gt;\s*)*?&lt;seasonnumber&gt;$$16&lt;/seasonnumber&gt;\s*(?:&lt;([^&gt;]+)&gt;[^&lt;]*&lt;/\5&gt;\s*)*?&lt;/episode&gt;)</expression>
      </RegExp>
      <RegExp input="$$12-$$19-$$1" output="\1" dest="6">
        <expression clear="yes" noclean="1">(?i)(?:(?:false-(?:1|0))|true-0)-.*?(&lt;episode&gt;\s*(?:&lt;([^&gt;]+)&gt;[^&lt;]*&lt;/\2&gt;\s*)*?&lt;episodename&gt;[^&lt;]+&lt;/episodename&gt;\s*(?:&lt;([^&gt;]+)&gt;[^&lt;]*&lt;/\3&gt;\s*)*?&lt;episodenumber&gt;$$13&lt;/episodenumber&gt;\s*(?:&lt;([^&gt;]+)&gt;[^&lt;]*&lt;/\4&gt;\s*)*?&lt;seasonnumber&gt;$$16&lt;/seasonnumber&gt;\s*(?:&lt;([^&gt;]+)&gt;[^&lt;]*&lt;/\5&gt;\s*)*?&lt;/episode&gt;)</expression>
      </RegExp>
      <RegExp input="$$12-$$19-$$1" output="\1" dest="5">
        <expression noclean="1">(?i)true-1-.*?(&lt;episode&gt;\s*(?:&lt;([^&gt;]+)&gt;[^&lt;]*&lt;/\2&gt;\s*)*?&lt;episodename&gt;[^&lt;]+&lt;/episodename&gt;\s*(?:&lt;([^&gt;]+)&gt;[^&lt;]*&lt;/\3&gt;\s*)*?&lt;absolute_number&gt;$$18&lt;/absolute_number&gt;\s*(?:&lt;([^&gt;]+)&gt;[^&lt;]*&lt;/\4&gt;\s*)*?&lt;/episode&gt;)</expression>
      </RegExp>
      <RegExp input="$$5" output="&lt;thumb&gt;http://thetvdb.com/banners/\1&lt;/thumb&gt;" dest="4">
        <expression clear="yes">(?i)&lt;filename&gt;([^&lt;]+)&lt;/filename&gt;</expression>
      </RegExp>
      <RegExp input="$$13-$$6" output="&lt;thumb&gt;http://thetvdb.com/banners/\1&lt;/thumb&gt;" dest="4+">
        <expression>(?i)\d+-.*?&lt;filename&gt;([^&lt;]+)&lt;/filename&gt;</expression>
      </RegExp>
      <RegExp input="$$5" output="\1" dest="7">
        <expression clear="yes">(?i)&lt;overview&gt;([^&lt;]+)&lt;/overview&gt;</expression>
      </RegExp>
      <RegExp input="$$13-$$6" output="\n\n\1" dest="7+">
        <expression>(?i)\d+-.*?&lt;overview&gt;([^&lt;]+)&lt;/overview&gt;</expression>
      </RegExp>
      <RegExp input="$$7" output="&lt;plot&gt;\1&lt;/plot&gt;" dest="4+">
        <expression>(.+)</expression>
      </RegExp>
      <RegExp conditional="SpecialsInside" input="$$6" output="\1" dest="4+">
        <RegExp input="$$5" output="\1" dest="16">
          <expression clear="yes">(?i)&lt;airsbefore_season&gt;(\d+)&lt;/airsbefore_season&gt;</expression>
        </RegExp>
        <RegExp input="$$5" output="\1" dest="15">
          <expression clear="yes">(?i)&lt;airsbefore_episode&gt;(\d+)&lt;/airsbefore_episode&gt;</expression>
        </RegExp>
        <RegExp input="" output="" dest="6">
          <expression clear="yes"/>
        </RegExp>
        <RegExp conditional="PersonalAnimeMapping" input="$$14-$$19-$$15-$$16" output="&lt;url function=&quot;GetPersonalAnimeMapping&quot; cache=&quot;pers-anime-list.xml&quot;&gt;$INFO[PersonalAnimeMappingUrl]&lt;/url&gt;" dest="6+">
          <expression>false-0-\d+-\d+</expression>
        </RegExp>
        <RegExp input="$$14-$$19-$$15-$$16" output="&lt;url function=&quot;GetEpisodeReverseMappingXMLAPI&quot; cache=&quot;anime-list.xml&quot;&gt;$INFO[AnimeMappingListUrl]&lt;/url&gt;" dest="6+">
          <expression>false-0-\d+-\d+</expression>
        </RegExp>
        <expression noclean="1"/>   
      </RegExp>
      <RegExp input="" output="" dest="1">
        <expression clear="yes"/>
      </RegExp>
      <RegExp input="" output="" dest="2">
        <expression clear="yes"/>
      </RegExp>
      <expression noclean="1"/>   
    </RegExp> 
  </GetEpisodeExtraDetailsDataAPI>
  
</scraper>