<?xml version="1.0" encoding="UTF-8" standalone="yes"?>
<addon id="metadata.movies.anidb.net.mod"
       name="AniDB.net [MOD]"
       version="2.1.0"
       provider-name="scudlee">
  <requires>
    <import addon="xbmc.metadata" version="2.1.0"/>
    <import addon="metadata.common.anidb.net" version="1.0.0"/>
    <import addon="metadata.common.themoviedb.org" version="2.9.0"/>
    <import addon="plugin.video.youtube" version="4.0.0" optional="true"/>
  </requires>
  <extension point="xbmc.metadata.scraper.movies"
             language="en"
             library="anidb.xml"
             cachepersistence="48:00"/>
  <extension point="xbmc.addon.metadata">
    <summary lang="en">AniDB.net Movies scraper [MOD]</summary>
    <description lang="en">Download anime movie information from AniDB.net</description>
    <platform>all</platform>
  </extension>
</addon>
