<?xml version="1.0" encoding="UTF-8" standalone="yes"?>
<addon id="metadata.common.anidb.net"
       name="AniDB.net [MOD] common scraper functions"
       version="1.2.0"
       provider-name="scudlee">
  <requires>
    <import addon="xbmc.metadata" version="2.1.0"/>
  </requires>
  <extension point="xbmc.metadata.scraper.library"
             library="anidb.xml"
             cachepersistence="48:00"/>
  <extension point="xbmc.addon.metadata">
    <summary lang="en">AniDB.net [MOD] scraper library</summary>
    <description lang="en">Download anime show information from AniDB.net</description>
    <platform>all</platform>
  </extension>
</addon>
